"","player","DREB","OREB","AST","STL","TOV","BLK","FGM","FGA"
"1","Aaron Brooks",1.15942028985507,0.304347826086957,2.60869565217391,0.144927536231884,1.18840579710145,0.144927536231884,2.72463768115942,6.79710144927536
"2","Aaron Gordon",4.52564102564103,1.97435897435897,1.64102564102564,0.705128205128205,0.846153846153846,0.705128205128205,3.51282051282051,7.42307692307692
"3","Aaron Harrison",0.523809523809524,0.19047619047619,0.0952380952380952,0,0.19047619047619,0,0.238095238095238,0.904761904761905
"4","Adreian Payne",1.75,0.384615384615385,0.557692307692308,0.211538461538462,0.692307692307692,0.211538461538462,1.01923076923077,2.78846153846154
"5","Al-Farouq Aminu",4.89024390243902,1.19512195121951,1.68292682926829,0.646341463414634,1.46341463414634,0.646341463414634,3.64634146341463,8.76829268292683
"6","Al Horford",5.46341463414634,1.80487804878049,3.20731707317073,1.47560975609756,1.30487804878049,1.47560975609756,6.45121951219512,12.780487804878
"7","Al Jefferson",5.19148936170213,1.21276595744681,1.48936170212766,0.872340425531915,0.723404255319149,0.872340425531915,5.21276595744681,10.7446808510638
"8","Alan Anderson",2,0.0769230769230769,1.07692307692308,0.0769230769230769,0.153846153846154,0.0769230769230769,1.61538461538462,4.53846153846154
"9","Alan Williams",2.4,1.4,0.5,0.5,0.6,0.5,1,2.4
"10","Alec Burks",3,0.516129032258065,2.03225806451613,0.129032258064516,1.64516129032258,0.129032258064516,4.41935483870968,10.7741935483871
"11","Alex Len",5.33333333333333,2.28205128205128,1.24358974358974,0.794871794871795,1.85897435897436,0.794871794871795,3.38461538461538,8
"12","Alex Stepheson",1.125,2.375,0.25,0.625,0,0.625,1.125,3.375
"13","Alexis Ajinca",3.28813559322034,1.27118644067797,0.525423728813559,0.610169491525424,0.915254237288136,0.610169491525424,2.54237288135593,5.33898305084746
"14","Allen Crabbe",2.33333333333333,0.333333333333333,1.22222222222222,0.197530864197531,0.790123456790123,0.197530864197531,3.83950617283951,8.37037037037037
"15","Alonzo Gee",2.53424657534247,0.821917808219178,0.986301369863014,0.178082191780822,0.753424657534247,0.178082191780822,1.80821917808219,3.49315068493151
"16","Amar'e Stoudemire",3.01923076923077,1.25,0.519230769230769,0.788461538461538,0.903846153846154,0.788461538461538,2.40384615384615,4.25
"17","Amir Johnson",4.13924050632911,2.25316455696203,1.74683544303797,1.05063291139241,1.18987341772152,1.05063291139241,3.15189873417722,5.39240506329114
"18","Anderson Varejao",1.9622641509434,0.69811320754717,0.660377358490566,0.188679245283019,0.415094339622642,0.188679245283019,1,2.33962264150943
"19","Andre Drummond",9.91358024691358,4.87654320987654,0.827160493827161,1.38271604938272,1.91358024691358,1.38271604938272,6.81481481481481,13.0864197530864
"20","Andre Iguodala",3.24615384615385,0.8,3.36923076923077,0.292307692307692,1.21538461538462,0.292307692307692,2.70769230769231,5.66153846153846
"21","Andre Miller",1,0.307692307692308,2.23076923076923,0,0.948717948717949,0,1.51282051282051,2.71794871794872
"22","Andre Roberson",2.45714285714286,1.12857142857143,0.671428571428571,0.6,0.5,0.6,1.94285714285714,3.91428571428571
"23","Andrea Bargnani",1.5,0.608695652173913,0.391304347826087,0.195652173913043,0.565217391304348,0.195652173913043,2.76086956521739,6.06521739130435
"24","Andrew Bogut",5.3,1.72857142857143,2.31428571428571,1.62857142857143,1.18571428571429,1.62857142857143,2.5,3.98571428571429
"25","Andrew Goudelock",0.125,0.125,0.5,0.25,0.875,0.25,1.125,2.5
"26","Andrew Nicholson",2.98214285714286,0.607142857142857,0.446428571428571,0.392857142857143,0.732142857142857,0.392857142857143,2.60714285714286,5.53571428571429
"27","Andrew Wiggins",2.2962962962963,1.2962962962963,2.02469135802469,0.567901234567901,2.24691358024691,0.567901234567901,7.33333333333333,15.9753086419753
"28","Anthony Bennett",0.894736842105263,0.315789473684211,0,0,0.210526315789474,0,0.421052631578947,1.42105263157895
"29","Anthony Brown",2.10344827586207,0.310344827586207,0.655172413793103,0.172413793103448,0.517241379310345,0.172413793103448,1.3448275862069,4.3448275862069
"30","Anthony Davis",8.14754098360656,2.13114754098361,1.90163934426229,2.04918032786885,1.98360655737705,2.04918032786885,9.18032786885246,18.6229508196721
"31","Anthony Morrow",0.764705882352941,0.147058823529412,0.352941176470588,0.0735294117647059,0.25,0.0735294117647059,2,4.89705882352941
"32","Anthony Tolliver",2.63888888888889,0.541666666666667,0.722222222222222,0.222222222222222,0.388888888888889,0.222222222222222,1.77777777777778,4.61111111111111
"33","Archie Goodwin",2.01754385964912,0.473684210526316,2.07017543859649,0.228070175438596,1.75438596491228,0.228070175438596,3.08771929824561,7.40350877192982
"34","Aron Baynes",3.01234567901235,1.72839506172839,0.62962962962963,0.641975308641975,0.827160493827161,0.641975308641975,2.39506172839506,4.74074074074074
"35","Arron Afflalo",3.42253521126761,0.323943661971831,2.02816901408451,0.140845070422535,1.15492957746479,0.140845070422535,4.98591549295775,11.2535211267606
"36","Austin Rivers",1.61194029850746,0.328358208955224,1.47761194029851,0.134328358208955,0.91044776119403,0.134328358208955,3.37313432835821,7.70149253731343
"37","Avery Bradley",2.26315789473684,0.631578947368421,2.07894736842105,0.25,1.43421052631579,0.25,6,13.4078947368421
"38","Axel Toupane",1.0952380952381,0.380952380952381,0.714285714285714,0.285714285714286,0.285714285714286,0.285714285714286,1.19047619047619,3.33333333333333
"39","Ben McLemore",1.67647058823529,0.5,1.16176470588235,0.147058823529412,1.45588235294118,0.147058823529412,2.86764705882353,6.69117647058824
"40","Beno Udrih",1.45454545454545,0.181818181818182,2.63636363636364,0.0227272727272727,1.20454545454545,0.0227272727272727,1.95454545454545,4.5
"41","Bismack Biyombo",5.76829268292683,2.21951219512195,0.353658536585366,1.6219512195122,0.865853658536585,1.6219512195122,1.90243902439024,3.51219512195122
"42","Blake Griffin",6.94285714285714,1.45714285714286,4.85714285714286,0.485714285714286,2.37142857142857,0.485714285714286,8.6,17.2285714285714
"43","Boban Marjanovic",2.24074074074074,1.35185185185185,0.388888888888889,0.425925925925926,0.537037037037037,0.425925925925926,1.94444444444444,3.22222222222222
"44","Bobby Portis",3.45161290322581,1.98387096774194,0.838709677419355,0.354838709677419,0.870967741935484,0.354838709677419,3,7.03225806451613
"45","Bojan Bogdanovic",2.77215189873418,0.455696202531646,1.25316455696203,0.0632911392405063,1.45569620253165,0.0632911392405063,4.10126582278481,9.48101265822785
"46","Boris Diaw",2.30263157894737,0.763157894736842,2.31578947368421,0.276315789473684,1.27631578947368,0.276315789473684,2.65789473684211,5.03947368421053
"47","Bradley Beal",2.67272727272727,0.745454545454545,2.94545454545455,0.2,2.03636363636364,0.2,6.52727272727273,14.5272727272727
"48","Brandan Wright",2.41666666666667,1.16666666666667,0.5,1.25,0.833333333333333,1.25,2.91666666666667,4.33333333333333
"49","Branden Dawson",0.333333333333333,0.333333333333333,0,0.166666666666667,0,0.166666666666667,0.333333333333333,0.833333333333333
"50","Brandon Bass",2.74242424242424,1.57575757575758,1.12121212121212,0.833333333333333,0.636363636363636,0.833333333333333,2.63636363636364,4.8030303030303
"51","Brandon Jennings",1.66666666666667,0.333333333333333,3.54166666666667,0.145833333333333,1.1875,0.145833333333333,2.33333333333333,6.33333333333333
"52","Brandon Knight",3.19230769230769,0.692307692307692,5.05769230769231,0.384615384615385,3.40384615384615,0.384615384615385,7.13461538461539,17.2115384615385
"53","Brandon Rush",2.22222222222222,0.291666666666667,0.791666666666667,0.319444444444444,0.458333333333333,0.319444444444444,1.54166666666667,3.61111111111111
"54","Brian Roberts",0.686274509803922,0.117647058823529,1.05882352941176,0.0392156862745098,0.450980392156863,0.0392156862745098,1.45098039215686,3.23529411764706
"55","Briante Weber",2.42857142857143,1.14285714285714,3,0.428571428571429,1.28571428571429,0.428571428571429,2,5.57142857142857
"56","Brook Lopez",5.05479452054795,2.79452054794521,2,1.6986301369863,2.3972602739726,1.6986301369863,8.0958904109589,15.8493150684932
"57","Bruno Caboclo",0.166666666666667,0.166666666666667,0.166666666666667,0.166666666666667,0.666666666666667,0.166666666666667,0.166666666666667,2
"58","Bryce Cotton",0,0,0.375,0,0.625,0,0.5,1.25
"59","Bryce Dejean-Jones",2.85714285714286,0.571428571428571,1.07142857142857,0.142857142857143,0.785714285714286,0.142857142857143,2,4.92857142857143
"60","C.J. Watson",1.6969696969697,0.303030303030303,2.66666666666667,0.151515151515152,0.757575757575758,0.151515151515152,1.42424242424242,4.15151515151515
"61","Cameron Bairstow",1.33333333333333,0.222222222222222,0.333333333333333,0.166666666666667,0.222222222222222,0.166666666666667,0.722222222222222,2.22222222222222
"62","Cameron Payne",1.33333333333333,0.157894736842105,1.89473684210526,0.105263157894737,0.771929824561403,0.105263157894737,2,4.87719298245614
"63","Carl Landry",2.69444444444444,1.36111111111111,0.888888888888889,0.25,0.611111111111111,0.25,3.86111111111111,6.94444444444444
"64","Carmelo Anthony",6.36111111111111,1.36111111111111,4.15277777777778,0.527777777777778,2.44444444444444,0.527777777777778,7.875,18.1527777777778
"65","Caron Butler",1,0.294117647058824,0.588235294117647,0.0588235294117647,0.176470588235294,0.0588235294117647,1.47058823529412,3.47058823529412
"66","Chandler Parsons",4.19672131147541,0.475409836065574,2.77049180327869,0.344262295081967,1.55737704918033,0.344262295081967,5.24590163934426,10.672131147541
"67","Channing Frye",2.84285714285714,0.5,1.01428571428571,0.4,0.614285714285714,0.4,2.17142857142857,4.95714285714286
"68","Charlie Villanueva",2.06451612903226,0.387096774193548,0.387096774193548,0.241935483870968,0.5,0.241935483870968,2.01612903225806,5.2741935483871
"69","Chase Budinger",1.62121212121212,0.651515151515151,0.96969696969697,0.151515151515152,0.666666666666667,0.151515151515152,1.57575757575758,3.62121212121212
"70","Chris Andersen",2.2962962962963,1.33333333333333,0.444444444444444,0.481481481481481,0.333333333333333,0.481481481481481,1.40740740740741,2.66666666666667
"71","Chris Bosh",6.45283018867925,0.905660377358491,2.41509433962264,0.641509433962264,1.47169811320755,0.641509433962264,6.75471698113208,14.4716981132075
"72","Chris Copeland",0.375,0.0416666666666667,0.458333333333333,0,0.25,0,0.708333333333333,2.125
"73","Chris Johnson",1.5,0.385714285714286,0.642857142857143,0.285714285714286,0.571428571428571,0.285714285714286,1.02857142857143,2.77142857142857
"74","Chris Kaman",1.0625,0.4375,0.6875,0.0625,0.5,0.0625,1.25,2.6875
"75","Chris McCullough",1.79166666666667,1.04166666666667,0.375,0.5,0.625,0.5,1.83333333333333,4.54166666666667
"76","Chris Paul",3.66216216216216,0.527027027027027,9.97297297297297,0.175675675675676,2.62162162162162,0.175675675675676,6.95945945945946,15.0540540540541
"77","Christian Wood",1.47058823529412,0.764705882352941,0.176470588235294,0.411764705882353,0.117647058823529,0.411764705882353,1.29411764705882,3.11764705882353
"78","Chuck Hayes",4,0,1,0,1.5,0,0.5,1
"79","CJ McCollum",2.65,0.5875,4.2625,0.2875,2.45,0.2875,8.0125,17.8875
"80","CJ Miles",2.34375,0.390625,0.984375,0.453125,1.09375,0.453125,4.046875,9.90625
"81","CJ Wilcox",0.478260869565217,0.0434782608695652,0.434782608695652,0.0869565217391304,0.0869565217391304,0.0869565217391304,1.1304347826087,2.8695652173913
"82","Cleanthony Early",1.29411764705882,0.235294117647059,0.352941176470588,0.176470588235294,0.529411764705882,0.176470588235294,0.705882352941177,2.35294117647059
"83","Cliff Alexander",0.5,0.25,0,0.25,0.125,0.25,0.625,1.25
"84","Clint Capela",3.8961038961039,2.51948051948052,0.61038961038961,1.19480519480519,0.779220779220779,1.19480519480519,3,5.15584415584416
"85","Cody Zeller",4.34246575342466,1.89041095890411,0.972602739726027,0.863013698630137,0.931506849315068,0.863013698630137,3.16438356164384,5.98630136986301
"86","Cole Aldrich",3.36666666666667,1.43333333333333,0.833333333333333,1.13333333333333,1.06666666666667,1.13333333333333,2.23333333333333,3.75
"87","Corey Brewer",1.91463414634146,0.51219512195122,1.32926829268293,0.231707317073171,0.951219512195122,0.231707317073171,2.58536585365854,6.73170731707317
"88","Cory Jefferson",1.25,0.75,0,0.125,0,0.125,1.125,2.75
"89","Cory Joseph",2.1375,0.4875,3.125,0.25,1.275,0.25,3.2125,7.3125
"90","Coty Clarke",0.333333333333333,0,0,0,0.333333333333333,0,0.666666666666667,1.33333333333333
"91","Courtney Lee",2.22784810126582,0.367088607594937,1.72151898734177,0.354430379746835,0.911392405063291,0.354430379746835,3.67088607594937,8.08860759493671
"92","Cristiano Felicio",2.32258064516129,0.967741935483871,0.838709677419355,0.419354838709677,0.419354838709677,0.419354838709677,1.29032258064516,2.32258064516129
"93","D'Angelo Russell",2.8375,0.5875,3.325,0.1625,2.45,0.1625,4.9,11.95
"94","D.J. Augustin",1.40322580645161,0.129032258064516,3.19354838709677,0.0645161290322581,1.35483870967742,0.0645161290322581,2.38709677419355,5.64516129032258
"95","Dahntay Jones",4,1,2,2,0,2,6,14
"96","Damian Lillard",3.42666666666667,0.6,6.82666666666667,0.373333333333333,3.22666666666667,0.373333333333333,8.24,19.6533333333333
"97","Damien Inglis",1.45,0.1,0.5,0.15,0.55,0.15,0.65,1.85
"98","Damjan Rudez",0.454545454545455,0.151515151515152,0.333333333333333,0.0303030303030303,0.393939393939394,0.0303030303030303,0.757575757575758,1.87878787878788
"99","Danilo Gallinari",4.32075471698113,0.981132075471698,2.54716981132075,0.358490566037736,1.45283018867925,0.358490566037736,5.41509433962264,13.2075471698113
"100","Danny Green",3.22784810126582,0.607594936708861,1.78481012658228,0.810126582278481,0.949367088607595,0.810126582278481,2.67088607594937,7.10126582278481
"101","Dante Cunningham",2.2375,0.7125,0.9625,0.4125,0.5125,0.4125,2.325,5.15
"102","Darrell Arthur",2.95714285714286,1.22857142857143,1.37142857142857,0.685714285714286,0.942857142857143,0.685714285714286,3.15714285714286,6.98571428571429
"103","Darren Collison",1.90540540540541,0.378378378378378,4.2972972972973,0.0540540540540541,1.75675675675676,0.0540540540540541,5.09459459459459,10.4864864864865
"104","Darrun Hilliard",1.05263157894737,0.131578947368421,0.710526315789474,0.0263157894736842,0.5,0.0263157894736842,1.36842105263158,3.44736842105263
"105","David Lee",3.70909090909091,1.83636363636364,1.52727272727273,0.509090909090909,1.2,0.509090909090909,3.23636363636364,6.09090909090909
"106","David West",3.03846153846154,0.923076923076923,1.83333333333333,0.705128205128205,0.871794871794872,0.705128205128205,3.12820512820513,5.74358974358974
"107","DeAndre Jordan",10.2857142857143,3.46753246753247,1.16883116883117,2.2987012987013,1.38961038961039,2.2987012987013,4.63636363636364,6.5974025974026
"108","DeJuan Blair",1.27586206896552,0.689655172413793,0.379310344827586,0.0689655172413793,0.517241379310345,0.0689655172413793,0.96551724137931,2.3448275862069
"109","Delon Wright",1.07407407407407,0.296296296296296,1.14814814814815,0.111111111111111,0.592592592592593,0.111111111111111,1.33333333333333,2.96296296296296
"110","DeMar DeRozan",3.65384615384615,0.82051282051282,4.03846153846154,0.269230769230769,2.24358974358974,0.269230769230769,7.87179487179487,17.6538461538462
"111","DeMarcus Cousins",9.06153846153846,2.43076923076923,3.29230769230769,1.41538461538462,3.83076923076923,1.41538461538462,9.24615384615385,20.4923076923077
"112","DeMarre Carroll",3.5,1.19230769230769,1.03846153846154,0.230769230769231,1.07692307692308,0.230769230769231,4.03846153846154,10.3846153846154
"113","Dennis Schroder",2.2375,0.3125,4.3625,0.1125,2.2875,0.1125,4.1125,9.7625
"114","Deron Williams",2.63076923076923,0.292307692307692,5.81538461538462,0.215384615384615,2.30769230769231,0.215384615384615,4.93846153846154,11.9230769230769
"115","Derrick Favors",5.38709677419355,2.7258064516129,1.51612903225806,1.46774193548387,1.67741935483871,1.46774193548387,6.74193548387097,13.0806451612903
"116","Derrick Rose",2.71212121212121,0.696969696969697,4.71212121212121,0.212121212121212,2.65151515151515,0.212121212121212,6.77272727272727,15.8787878787879
"117","Derrick Williams",3.1125,0.5875,0.9375,0.1125,0.7625,0.1125,3.175,7.0625
"118","Devin Booker",2.10526315789474,0.355263157894737,2.63157894736842,0.263157894736842,2.10526315789474,0.263157894736842,4.82894736842105,11.4078947368421
"119","Devin Harris",1.875,0.28125,1.84375,0.203125,1.03125,0.203125,2.609375,5.84375
"120","Devyn Marble",1.14285714285714,0.214285714285714,0.428571428571429,0.0357142857142857,0.25,0.0357142857142857,0.75,2.53571428571429
"121","Dewayne Dedmon",2.77586206896552,1.1551724137931,0.224137931034483,0.793103448275862,0.551724137931034,0.793103448275862,1.70689655172414,3.05172413793103
"122","Dion Waiters",2.12820512820513,0.461538461538462,1.97435897435897,0.192307692307692,1.53846153846154,0.192307692307692,3.61538461538462,9.05128205128205
"123","Dirk Nowitzki",5.82666666666667,0.693333333333333,1.76,0.693333333333333,1.12,0.693333333333333,6.64,14.8266666666667
"124","Donald Sloan",2.55737704918033,0.278688524590164,4.39344262295082,0.0655737704918033,1.31147540983607,0.0655737704918033,2.52459016393443,5.73770491803279
"125","Donatas Motiejunas",1.94594594594595,1,1.10810810810811,0.135135135135135,1.18918918918919,0.135135135135135,2.43243243243243,5.54054054054054
"126","Doug McDermott",1.95061728395062,0.45679012345679,0.728395061728395,0.0740740740740741,0.654320987654321,0.0740740740740741,3.59259259259259,7.95061728395062
"127","Draymond Green",7.83950617283951,1.65432098765432,7.38271604938272,1.39506172839506,3.19753086419753,1.39506172839506,4.95061728395062,10.1111111111111
"128","Drew Gooden",1.9,0.933333333333333,0.433333333333333,0.366666666666667,0.433333333333333,0.366666666666667,1.1,3.43333333333333
"129","Duje Dukan",2,2,1,0,0,0,2,10
"130","Dwight Howard",8.40845070422535,3.35211267605634,1.38028169014085,1.59154929577465,2.33802816901408,1.59154929577465,5.23943661971831,8.45070422535211
"131","Dwight Powell",2.73913043478261,1.21739130434783,0.63768115942029,0.347826086956522,0.579710144927536,0.347826086956522,2.11594202898551,4.28985507246377
"132","Dwyane Wade",2.97297297297297,1.10810810810811,4.64864864864865,0.567567567567568,2.74324324324324,0.567567567567568,7.2972972972973,15.9864864864865
"133","E'Twaun Moore",1.93220338983051,0.322033898305085,1.67796610169492,0.305084745762712,0.898305084745763,0.305084745762712,3.16949152542373,6.59322033898305
"134","Ed Davis",4.62962962962963,2.76543209876543,1.08641975308642,0.888888888888889,0.790123456790123,0.888888888888889,2.54320987654321,4.16049382716049
"135","Edy Tavares",1.27272727272727,0.636363636363636,0.272727272727273,0.545454545454545,0.454545454545455,0.545454545454545,1,1.72727272727273
"136","Elfrid Payton",2.52054794520548,1.05479452054795,6.3972602739726,0.273972602739726,2.42465753424658,0.273972602739726,4.35616438356164,10
"137","Elijah Millsap",1.45,0.3,0.95,0.15,0.45,0.15,0.55,1.95
"138","Elliot Williams",0.6,0.2,0.8,0,0.2,0,0.4,2
"139","Elton Brand",3.17647058823529,0.529411764705882,1.05882352941176,0.470588235294118,0.647058823529412,0.470588235294118,1.82352941176471,4.23529411764706
"140","Emmanuel Mudiay",2.94117647058824,0.470588235294118,5.47058823529412,0.514705882352941,3.19117647058824,0.514705882352941,4.83823529411765,13.3088235294118
"141","Enes Kanter",5.0609756097561,3.03658536585366,0.402439024390244,0.402439024390244,1.40243902439024,0.402439024390244,5.04878048780488,8.76829268292683
"142","Eric Bledsoe",3.45161290322581,0.580645161290323,6.12903225806452,0.612903225806452,3.54838709677419,0.612903225806452,7.19354838709677,15.8709677419355
"143","Eric Gordon",1.97777777777778,0.222222222222222,2.68888888888889,0.311111111111111,1.62222222222222,0.311111111111111,5.13333333333333,12.2666666666667
"144","Eric Moreland",1,0.375,0.125,0.5,0.375,0.5,0.375,0.75
"145","Erick Green",0.333333333333333,0.333333333333333,0.333333333333333,0,0,0,0.555555555555556,1.44444444444444
"146","Ersan Ilyasova",3.5,1.94594594594595,0.905405405405405,0.445945945945946,0.959459459459459,0.445945945945946,3.78378378378378,8.93243243243243
"147","Evan Fournier",2.43037974683544,0.417721518987342,2.70886075949367,0.0253164556962025,1.68354430379747,0.0253164556962025,5.43037974683544,11.7594936708861
"148","Evan Turner",4.28395061728395,0.617283950617284,4.4320987654321,0.345679012345679,2.08641975308642,0.345679012345679,4.23456790123457,9.2962962962963
"149","Festus Ezeli",3.60869565217391,1.97826086956522,0.695652173913043,1.08695652173913,0.826086956521739,1.08695652173913,2.71739130434783,4.95652173913043
"150","Frank Kaminsky",3.28395061728395,0.851851851851852,1.20987654320988,0.530864197530864,0.716049382716049,0.530864197530864,2.65432098765432,6.48148148148148
"151","Garrett Temple",2.2,0.45,1.75,0.225,0.8,0.225,2.5125,6.3125
"152","Gary Harris",2.18421052631579,0.710526315789474,1.93421052631579,0.236842105263158,1.28947368421053,0.236842105263158,4.72368421052632,10.0657894736842
"153","Gary Neal",1.8,0.275,1.175,0.025,0.725,0.025,3.775,8.125
"154","George Hill",3.24324324324324,0.783783783783784,3.5,0.22972972972973,1.36486486486486,0.22972972972973,4.40540540540541,9.98648648648649
"155","Gerald Green",2,0.36231884057971,0.811594202898551,0.27536231884058,0.666666666666667,0.27536231884058,3.33333333333333,8.50724637681159
"156","Gerald Henderson",2.51388888888889,0.416666666666667,1.04166666666667,0.263888888888889,0.944444444444444,0.263888888888889,3.22222222222222,7.34722222222222
"157","Giannis Antetokounmpo",6.2375,1.4125,4.3125,1.4125,2.6,1.4125,6.4125,12.6625
"158","Glenn Robinson III",1.24444444444444,0.266666666666667,0.577777777777778,0.2,0.4,0.2,1.44444444444444,3.35555555555556
"159","Goran Dragic",3.09722222222222,0.75,5.81944444444444,0.236111111111111,2.56944444444444,0.236111111111111,5.79166666666667,12.1527777777778
"160","Gordon Hayward",4.2,0.7625,3.7,0.3375,2.525,0.3375,6.5125,15.025
"161","Gorgui Dieng",5.21951219512195,1.91463414634146,1.74390243902439,1.17073170731707,1.70731707317073,1.17073170731707,3.75609756097561,7.0609756097561
"162","Greg Monroe",6.05063291139241,2.75949367088608,2.25316455696203,0.848101265822785,1.63291139240506,0.848101265822785,6.21518987341772,11.9113924050633
"163","Greg Smith",1.66666666666667,0.666666666666667,0.333333333333333,0.0555555555555556,0.388888888888889,0.0555555555555556,1,1.77777777777778
"164","Greivis Vasquez",1.82608695652174,0.217391304347826,3.95652173913043,0,1.73913043478261,0,1.95652173913043,6
"165","Harrison Barnes",3.75757575757576,1.16666666666667,1.77272727272727,0.151515151515152,0.863636363636364,0.151515151515152,4.46969696969697,9.59090909090909
"166","Hassan Whiteside",8.58904109589041,3.26027397260274,0.397260273972603,3.68493150684932,1.87671232876712,3.68493150684932,5.65753424657534,9.34246575342466
"167","Henry Sims",3.64285714285714,1.5,0.642857142857143,1,0.857142857142857,1,2.35714285714286,5.5
"168","Hollis Thompson",2.83116883116883,0.701298701298701,1.28571428571429,0.311688311688312,0.987012987012987,0.311688311688312,3.50649350649351,8.83116883116883
"169","Ian Clark",0.833333333333333,0.196969696969697,0.96969696969697,0.196969696969697,0.651515151515151,0.196969696969697,1.34848484848485,3.06060606060606
"170","Ian Mahinmi",5.19718309859155,1.94366197183099,1.46478873239437,1.05633802816901,1.40845070422535,1.05633802816901,3.71830985915493,6.30985915492958
"171","Iman Shumpert",3.16666666666667,0.592592592592593,1.7037037037037,0.351851851851852,1.05555555555556,0.351851851851852,2.11111111111111,5.64814814814815
"172","Isaiah Canaan",2,0.25974025974026,1.77922077922078,0.155844155844156,1.18181818181818,0.155844155844156,3.37662337662338,9.37662337662338
"173","Isaiah Thomas",2.40243902439024,0.560975609756098,6.20731707317073,0.109756097560976,2.68292682926829,0.109756097560976,7.20731707317073,16.8536585365854
"174","Ish Smith",3.4025974025974,0.558441558441558,6.51948051948052,0.311688311688312,2.27272727272727,0.311688311688312,5.15584415584416,12.5584415584416
"175","J.J. Barea",1.7027027027027,0.351351351351351,4.08108108108108,0.027027027027027,1.52702702702703,0.027027027027027,4.28378378378378,9.60810810810811
"176","Jabari Parker",3.57894736842105,1.61842105263158,1.71052631578947,0.381578947368421,1.52631578947368,0.381578947368421,5.82894736842105,11.8289473684211
"177","Jae Crowder",4.15068493150685,0.958904109589041,1.84931506849315,0.479452054794521,1.13698630136986,0.479452054794521,4.93150684931507,11.1369863013699
"178","Jahlil Okafor",4.73584905660377,2.30188679245283,1.22641509433962,1.15094339622642,2.33962264150943,1.15094339622642,7.49056603773585,14.7358490566038
"179","JaKarr Sampson",1.97260273972603,0.63013698630137,0.63013698630137,0.452054794520548,0.958904109589041,0.452054794520548,1.91780821917808,4.34246575342466
"180","Jamal Crawford",1.58227848101266,0.253164556962025,2.31645569620253,0.151898734177215,1.43037974683544,0.151898734177215,4.79746835443038,11.8860759493671
"181","Jameer Nelson",2.46153846153846,0.487179487179487,4.87179487179487,0.128205128205128,1.69230769230769,0.128205128205128,2.8974358974359,7.87179487179487
"182","James Anderson",1.43137254901961,0.254901960784314,0.803921568627451,0.274509803921569,0.823529411764706,0.274509803921569,1.31372549019608,3.49019607843137
"183","James Ennis III",0.954545454545455,0.954545454545455,0.954545454545455,0.227272727272727,0.863636363636364,0.227272727272727,2.45454545454545,5.13636363636364
"184","James Harden",5.34146341463415,0.768292682926829,7.46341463414634,0.621951219512195,4.5609756097561,0.621951219512195,8.65853658536585,19.719512195122
"185","James Johnson",1.71929824561404,0.491228070175439,1.17543859649123,0.578947368421053,0.947368421052632,0.578947368421053,2,4.21052631578947
"186","James Jones",0.875,0.166666666666667,0.291666666666667,0.208333333333333,0.270833333333333,0.208333333333333,1.20833333333333,2.95833333333333
"187","James Michael McAdoo",0.682926829268293,0.731707317073171,0.414634146341463,0.195121951219512,0.390243902439024,0.195121951219512,1.09756097560976,2.04878048780488
"188","James Young",0.758620689655172,0.137931034482759,0.310344827586207,0.0344827586206897,0.172413793103448,0.0344827586206897,0.379310344827586,1.24137931034483
"189","JaMychal Green",3,1.78205128205128,0.858974358974359,0.423076923076923,1.06410256410256,0.423076923076923,2.94871794871795,6.34615384615385
"190","Jared Cunningham",0.795454545454545,0.0681818181818182,0.454545454545455,0.0454545454545455,0.477272727272727,0.0454545454545455,0.818181818181818,2.38636363636364
"191","Jared Dudley",2.8641975308642,0.666666666666667,2.11111111111111,0.222222222222222,0.987654320987654,0.222222222222222,2.87654320987654,6.01234567901235
"192","Jared Sullinger",5.91358024691358,2.39506172839506,2.30864197530864,0.580246913580247,1.25925925925926,0.580246913580247,4.33333333333333,9.95061728395062
"193","Jarell Eddie",0.807692307692308,0.0769230769230769,0.192307692307692,0.0384615384615385,0.0384615384615385,0.0384615384615385,0.769230769230769,2.5
"194","Jarell Martin",1.74074074074074,1.44444444444444,0.555555555555556,0.259259259259259,0.703703703703704,0.259259259259259,2,4.2962962962963
"195","Jarnell Stokes",0.428571428571429,0.142857142857143,0.142857142857143,0,0,0,0.428571428571429,0.714285714285714
"196","Jarrett Jack",3.96875,0.28125,7.375,0.21875,2.9375,0.21875,4.375,11.1875
"197","Jason Smith",2.18421052631579,0.697368421052632,0.815789473684211,0.855263157894737,0.75,0.855263157894737,3.21052631578947,6.61842105263158
"198","Jason Terry",0.902777777777778,0.194444444444444,1.43055555555556,0.125,0.680555555555556,0.125,2.09722222222222,5.22222222222222
"199","Jason Thompson",2.17021276595745,0.680851063829787,0.617021276595745,0.425531914893617,0.319148936170213,0.425531914893617,1.1063829787234,2.29787234042553
"200","JaVale McGee",2.35294117647059,1.55882352941176,0.0882352941176471,0.764705882352941,0.617647058823529,0.764705882352941,2.26470588235294,3.94117647058824
"201","Jeff Ayres",1.05882352941176,0.235294117647059,0.294117647058824,0.176470588235294,0.352941176470588,0.176470588235294,0.705882352941177,1.35294117647059
"202","Jeff Green",3.225,0.925,1.725,0.5,1.1625,0.5,4.425,10.3
"203","Jeff Teague",2.29113924050633,0.417721518987342,5.94936708860759,0.30379746835443,2.75949367088608,0.30379746835443,5.49367088607595,12.506329113924
"204","Jeff Withey",2.29411764705882,1.09803921568627,0.392156862745098,1.03921568627451,0.549019607843137,1.03921568627451,1.70588235294118,3.17647058823529
"205","Jerami Grant",3.4025974025974,1.28571428571429,1.75324675324675,1.64935064935065,1.42857142857143,1.64935064935065,3.25974025974026,7.77922077922078
"206","Jeremy Evans",1.43333333333333,0.366666666666667,0.0666666666666667,0.3,0.233333333333333,0.3,0.866666666666667,1.6
"207","Jeremy Lamb",3.15151515151515,0.666666666666667,1.16666666666667,0.454545454545455,0.757575757575758,0.454545454545455,3.48484848484848,7.72727272727273
"208","Jeremy Lin",2.70512820512821,0.538461538461538,3.01282051282051,0.538461538461538,1.92307692307692,0.538461538461538,3.84615384615385,9.33333333333333
"209","Jerian Grant",1.57894736842105,0.302631578947368,2.32894736842105,0.131578947368421,1.14473684210526,0.131578947368421,2.02631578947368,5.14473684210526
"210","Jerryd Bayless",2.30769230769231,0.403846153846154,3.13461538461538,0.211538461538462,1.40384615384615,0.211538461538462,3.55769230769231,8.40384615384615
"211","Jimmer Fredette",0,0,0.166666666666667,0,0.333333333333333,0,0.333333333333333,0.833333333333333
"212","Jimmy Butler",4.16417910447761,1.17910447761194,4.7910447761194,0.641791044776119,1.97014925373134,0.641791044776119,7.01492537313433,15.4477611940299
"213","JJ Hickson",2.65714285714286,1.11428571428571,0.657142857142857,0.4,0.714285714285714,0.4,2.28571428571429,4.42857142857143
"214","JJ O'Brien",0.5,0,0,0,0,0,0,0.5
"215","JJ Redick",1.72,0.133333333333333,1.41333333333333,0.0666666666666667,1.04,0.0666666666666667,5.62666666666667,11.7333333333333
"216","Joakim Noah",5.79310344827586,3,3.79310344827586,1,1.79310344827586,1,1.75862068965517,4.58620689655172
"217","Jodie Meeks",1.33333333333333,0.333333333333333,1,0,0.333333333333333,0,2.33333333333333,6.66666666666667
"218","Joe Harris",0.6,0,0.4,0,0.2,0,0.2,0.8
"219","Joe Ingles",1.62962962962963,0.234567901234568,1.18518518518519,0.0493827160493827,0.802469135802469,0.0493827160493827,1.53086419753086,3.59259259259259
"220","Joe Johnson",3,0.604938271604938,3.92592592592593,0.0493827160493827,1.96296296296296,0.0493827160493827,4.65432098765432,10.6049382716049
"221","Joe Young",1.07317073170732,0.146341463414634,1.58536585365854,0,0.804878048780488,0,1.51219512195122,4.1219512195122
"222","Joel Anthony",0.684210526315789,0.421052631578947,0.0526315789473684,0.631578947368421,0.105263157894737,0.631578947368421,0.315789473684211,0.526315789473684
"223","Joffrey Lauvergne",3.61016949152542,1.30508474576271,0.949152542372881,0.254237288135593,0.915254237288136,0.254237288135593,3.30508474576271,6.44067796610169
"224","John Henson",2.35087719298246,1.52631578947368,0.947368421052632,1.91228070175439,1.12280701754386,1.91228070175439,2.87719298245614,5.10526315789474
"225","John Jenkins",1.13953488372093,0.186046511627907,0.813953488372093,0.0232558139534884,0.627906976744186,0.0232558139534884,1.65116279069767,3.72093023255814
"226","John Wall",4.37662337662338,0.545454545454545,10.2467532467532,0.766233766233766,4.12987012987013,0.766233766233766,7.42857142857143,17.5194805194805
"227","Johnny O'Bryant III",1.68181818181818,0.984848484848485,0.484848484848485,0.121212121212121,0.46969696969697,0.121212121212121,1.3030303030303,3.16666666666667
"228","Jon Leuer",4.43283582089552,1.13432835820896,1.07462686567164,0.447761194029851,1.11940298507463,0.447761194029851,3.34328358208955,6.95522388059702
"229","Jonas Jerebko",2.70512820512821,0.987179487179487,0.794871794871795,0.307692307692308,0.666666666666667,0.307692307692308,1.51282051282051,3.66666666666667
"230","Jonas Valanciunas",6.05,3.06666666666667,0.7,1.33333333333333,1.41666666666667,1.33333333333333,5.05,8.93333333333333
"231","Jonathon Simmons",1.45454545454545,0.290909090909091,1.05454545454545,0.0909090909090909,0.963636363636364,0.0909090909090909,2.21818181818182,4.4
"232","Jordan Adams",1,0,1.5,0,1,0,1,3
"233","Jordan Clarkson",2.78481012658228,1.17721518987342,2.43037974683544,0.0886075949367089,1.70886075949367,0.0886075949367089,6.0126582278481,13.8987341772152
"234","Jordan Farmar",1.75,0.333333333333333,3.08333333333333,0.166666666666667,1.5,0.166666666666667,3.5,8.33333333333333
"235","Jordan Hamilton",4.54545454545455,1.09090909090909,2.27272727272727,0.272727272727273,1.54545454545455,0.272727272727273,4.45454545454545,10.5454545454545
"236","Jordan Hill",4.04109589041096,2.13698630136986,1.19178082191781,0.506849315068493,1.26027397260274,0.506849315068493,3.80821917808219,7.52054794520548
"237","Jordan McRae",0.727272727272727,0.181818181818182,1.13636363636364,0.0454545454545455,0.681818181818182,0.0454545454545455,1.54545454545455,3.54545454545455
"238","Jordan Mickey",0.4375,0.375,0.0625,0.6875,0.0625,0.6875,0.5,1.375
"239","Jorge Gutierrez",0.583333333333333,0,1.41666666666667,0,0.5,0,0.5,0.916666666666667
"240","Jose Calderon",2.875,0.305555555555556,4.13888888888889,0.0972222222222222,1.20833333333333,0.0972222222222222,2.90277777777778,6.31944444444444
"241","Josh Huestis",1.6,0.4,0,0.4,0.6,0.4,1,2.4
"242","Josh McRoberts",1.97619047619048,0.523809523809524,1.92857142857143,0.166666666666667,0.714285714285714,0.166666666666667,1.30952380952381,3.52380952380952
"243","Josh Richardson",1.65384615384615,0.403846153846154,1.40384615384615,0.480769230769231,0.673076923076923,0.480769230769231,2.36538461538462,5.23076923076923
"244","Josh Smith",2.56363636363636,0.927272727272727,1.63636363636364,0.854545454545454,1.4,0.854545454545454,2.30909090909091,6.34545454545455
"245","JR Smith",2.25974025974026,0.558441558441558,1.68831168831169,0.272727272727273,0.766233766233766,0.272727272727273,4.58441558441558,11.038961038961
"246","Jrue Holiday",2.58461538461538,0.415384615384615,6.01538461538462,0.338461538461538,2.56923076923077,0.338461538461538,6.30769230769231,14.3846153846154
"247","Julius Randle",8.11111111111111,2.12345679012346,1.77777777777778,0.358024691358025,1.83950617283951,0.358024691358025,4.41975308641975,10.3086419753086
"248","Justin Anderson",2.07272727272727,0.327272727272727,0.527272727272727,0.454545454545455,0.436363636363636,0.454545454545455,1.29090909090909,3.18181818181818
"249","Justin Harper",0.2,0,0,0,0.4,0,0.8,2
"250","Justin Holiday",1.47169811320755,0.226415094339623,1.05660377358491,0.358490566037736,0.735849056603774,0.358490566037736,1.66037735849057,4.30188679245283
"251","Justise Winslow",4.12820512820513,1.03846153846154,1.51282051282051,0.333333333333333,1.21794871794872,0.333333333333333,2.5,5.92307692307692
"252","Jusuf Nurkic",3.4375,2.03125,1.25,1.375,1.71875,1.375,3.15625,7.5625
"253","Karl-Anthony Towns",7.67073170731707,2.79268292682927,1.96341463414634,1.68292682926829,2.23170731707317,1.68292682926829,7.6219512195122,14.0609756097561
"254","Kawhi Leonard",5.52777777777778,1.31944444444444,2.58333333333333,0.986111111111111,1.45833333333333,0.986111111111111,7.65277777777778,15.1388888888889
"255","Keith Appling",0.2,0,0.2,0,0.6,0,0.4,1.6
"256","Kelly Olynyk",3.02898550724638,1.04347826086957,1.52173913043478,0.478260869565217,1.07246376811594,0.478260869565217,3.66666666666667,8.05797101449275
"257","Kelly Oubre Jr.",1.71428571428571,0.396825396825397,0.206349206349206,0.111111111111111,0.53968253968254,0.111111111111111,1.42857142857143,3.34920634920635
"258","Kemba Walker",3.71604938271605,0.691358024691358,5.19753086419753,0.481481481481481,2.11111111111111,0.481481481481481,7.01234567901235,16.4320987654321
"259","Kendall Marshall",0.866666666666667,0.0666666666666667,2.43333333333333,0.0666666666666667,1.43333333333333,0.0666666666666667,1.43333333333333,3.93333333333333
"260","Kendrick Perkins",2.78378378378378,0.675675675675676,0.837837837837838,0.297297297297297,1.10810810810811,0.297297297297297,1.08108108108108,2.02702702702703
"261","Kenneth Faried",5.16417910447761,3.50746268656716,1.17910447761194,0.895522388059702,1.35820895522388,0.895522388059702,5.2089552238806,9.34328358208955
"262","Kent Bazemore",4.68,0.373333333333333,2.28,0.506666666666667,1.84,0.506666666666667,4.26666666666667,9.66666666666667
"263","Kentavious Caldwell-Pope",2.78947368421053,0.921052631578947,1.81578947368421,0.223684210526316,1.38157894736842,0.223684210526316,5.30263157894737,12.6315789473684
"264","Kevin Durant",7.55555555555556,0.625,5.01388888888889,1.18055555555556,3.47222222222222,1.18055555555556,9.69444444444444,19.1805555555556
"265","Kevin Garnett",3.55263157894737,0.394736842105263,1.63157894736842,0.263157894736842,0.421052631578947,0.263157894736842,1.42105263157895,3.02631578947368
"266","Kevin Love",7.96103896103896,1.93506493506494,2.4025974025974,0.532467532467532,1.84415584415584,0.532467532467532,5.31168831168831,12.6883116883117
"267","Kevin Martin",1.74545454545455,0.254545454545455,1.05454545454545,0.0545454545454545,0.981818181818182,0.0545454545454545,2.83636363636364,7.61818181818182
"268","Kevin Seraphin",1.97916666666667,0.645833333333333,0.979166666666667,0.75,0.895833333333333,0.75,1.75,4.27083333333333
"269","Kevon Looney",1.2,0.8,0,0,0.2,0,0.8,1.4
"270","Khris Middleton",3.26582278481013,0.556962025316456,4.18987341772152,0.240506329113924,2.27848101265823,0.240506329113924,6.41772151898734,14.4556962025316
"271","Kirk Hinrich",1.34782608695652,0.173913043478261,1.58695652173913,0.0434782608695652,0.652173913043478,0.0434782608695652,1.06521739130435,2.80434782608696
"272","KJ McDaniels",0.702702702702703,0.432432432432432,0.27027027027027,0.162162162162162,0.459459459459459,0.162162162162162,0.783783783783784,1.94594594594595
"273","Klay Thompson",3.3875,0.4375,2.075,0.6125,1.725,0.6125,8.1375,17.325
"274","Kobe Bryant",3.12121212121212,0.621212121212121,2.78787878787879,0.196969696969697,1.95454545454545,0.196969696969697,6.03030303030303,16.8636363636364
"275","Kosta Koufos",3.25641025641026,2.16666666666667,0.423076923076923,0.897435897435897,0.615384615384615,0.897435897435897,3.02564102564103,5.69230769230769
"276","Kostas Papanikolaou",1.23076923076923,0.307692307692308,0.615384615384615,0.192307692307692,0.807692307692308,0.192307692307692,0.923076923076923,2.53846153846154
"277","Kris Humphries",3.0377358490566,1.07547169811321,0.679245283018868,0.433962264150943,0.716981132075472,0.433962264150943,2.28301886792453,5.56603773584906
"278","Kristaps Porzingis",5.47222222222222,1.83333333333333,1.30555555555556,1.86111111111111,1.68055555555556,1.86111111111111,5.18055555555556,12.3055555555556
"279","Kyle Anderson",2.80769230769231,0.320512820512821,1.57692307692308,0.371794871794872,0.756410256410256,0.371794871794872,1.76923076923077,3.78205128205128
"280","Kyle Korver",3.075,0.175,2.05,0.4375,1.225,0.4375,3.35,7.7125
"281","Kyle Lowry",4.02597402597403,0.714285714285714,6.41558441558442,0.441558441558442,2.92207792207792,0.441558441558442,6.64935064935065,15.5584415584416
"282","Kyle O'Quinn",2.67692307692308,1.16923076923077,1.10769230769231,0.753846153846154,0.938461538461538,0.753846153846154,1.98461538461538,4.16923076923077
"283","Kyle Singler",1.33823529411765,0.735294117647059,0.352941176470588,0.132352941176471,0.470588235294118,0.132352941176471,1.26470588235294,3.25
"284","Kyrie Irving",2.13207547169811,0.830188679245283,4.71698113207547,0.339622641509434,2.33962264150943,0.339622641509434,7.43396226415094,16.5849056603774
"285","Lamar Patterson",1.31428571428571,0.114285714285714,1.11428571428571,0.0571428571428571,0.657142857142857,0.0571428571428571,0.8,2.28571428571429
"286","LaMarcus Aldridge",6.16216216216216,2.37837837837838,1.48648648648649,1.09459459459459,1.33783783783784,1.09459459459459,7.24324324324324,14.1216216216216
"287","Lance Stephenson",2.65217391304348,0.579710144927536,1.92753623188406,0.130434782608696,1.36231884057971,0.130434782608696,3.30434782608696,6.8695652173913
"288","Lance Thomas",1.64406779661017,0.576271186440678,0.898305084745763,0.11864406779661,0.966101694915254,0.11864406779661,2.86440677966102,6.47457627118644
"289","Langston Galloway",2.98780487804878,0.524390243902439,2.52439024390244,0.268292682926829,0.74390243902439,0.268292682926829,2.81707317073171,7.17073170731707
"290","Larry Nance Jr.",3.34920634920635,1.6031746031746,0.698412698412698,0.365079365079365,0.650793650793651,0.365079365079365,2.50793650793651,4.76190476190476
"291","Lavoy Allen",3.31645569620253,2.0506329113924,0.962025316455696,0.531645569620253,0.873417721518987,0.531645569620253,2.41772151898734,4.68354430379747
"292","Leandro Barbosa",1.30882352941176,0.411764705882353,1.20588235294118,0.147058823529412,0.779411764705882,0.147058823529412,2.51470588235294,5.44117647058824
"293","LeBron James",5.97368421052632,1.46052631578947,6.76315789473684,0.644736842105263,3.27631578947368,0.644736842105263,9.69736842105263,18.6315789473684
"294","Lorenzo Brown",0.875,0,1.375,0.125,1.125,0.125,1,3.125
"295","Lou Amundson",0.896551724137931,0.793103448275862,0.413793103448276,0.241379310344828,0.517241379310345,0.241379310344828,0.655172413793103,1.82758620689655
"296","Lou Williams",2.05970149253731,0.462686567164179,2.49253731343284,0.283582089552239,1.59701492537313,0.283582089552239,4.22388059701493,10.3432835820896
"297","Luc Mbah a Moute",1.48,0.8,0.4,0.253333333333333,0.453333333333333,0.253333333333333,1.25333333333333,2.76
"298","Lucas Nogueira",0.96551724137931,0.620689655172414,0.241379310344828,0.413793103448276,0.379310344827586,0.413793103448276,0.96551724137931,1.51724137931034
"299","Luis Montero",0.333333333333333,0,0.0833333333333333,0,0.333333333333333,0,0.416666666666667,1.58333333333333
"300","Luis Scola",3.63157894736842,1.10526315789474,0.868421052631579,0.355263157894737,0.894736842105263,0.355263157894737,3.53947368421053,7.86842105263158
"301","Luke Babbitt",2.61702127659574,0.531914893617021,1.12765957446809,0.148936170212766,0.48936170212766,0.148936170212766,2.59574468085106,6.14893617021277
"302","Luol Deng",4.52702702702703,1.45945945945946,1.89189189189189,0.391891891891892,1.09459459459459,0.391891891891892,4.58108108108108,10.0675675675676
"303","Manu Ginobili",2.06896551724138,0.448275862068966,3.05172413793103,0.189655172413793,1.70689655172414,0.189655172413793,3.39655172413793,7.5
"304","Marc Gasol",5.84615384615385,1.11538461538462,3.76923076923077,1.34615384615385,2.26923076923077,1.34615384615385,6.30769230769231,13.5961538461538
"305","Marcelo Huertas",1.35849056603774,0.339622641509434,3.43396226415094,0.132075471698113,1.50943396226415,0.132075471698113,1.83018867924528,4.33962264150943
"306","Marcin Gortat",6.92,2.96,1.41333333333333,1.28,1.61333333333333,1.28,5.77333333333333,10.1866666666667
"307","Marco Belinelli",1.57352941176471,0.147058823529412,1.86764705882353,0.0294117647058824,1.17647058823529,0.0294117647058824,3.60294117647059,9.33823529411765
"308","Marcus Morris",3.9125,1.1375,2.5125,0.2875,1.75,0.2875,5.125,11.8125
"309","Marcus Smart",2.9344262295082,1.24590163934426,3.0327868852459,0.295081967213115,1.31147540983607,0.295081967213115,3.01639344262295,8.67213114754098
"310","Marcus Thornton",1.83606557377049,0.622950819672131,1.37704918032787,0.0655737704918033,0.836065573770492,0.0655737704918033,3.54098360655738,8.88524590163934
"311","Mario Chalmers",2.18032786885246,0.39344262295082,3.77049180327869,0.213114754098361,1.80327868852459,0.213114754098361,2.98360655737705,7.27868852459016
"312","Mario Hezonja",1.87341772151899,0.354430379746835,1.37974683544304,0.215189873417722,1.22784810126582,0.215189873417722,2.29113924050633,5.29113924050633
"313","Markel Brown",1.59677419354839,0.370967741935484,1.46774193548387,0.241935483870968,0.870967741935484,0.241935483870968,2.04838709677419,5.19354838709677
"314","Markieff Morris",4.359375,1.140625,1.9375,0.53125,2.109375,0.53125,4.765625,11.21875
"315","Marreese Speights",2.25,1.06944444444444,0.847222222222222,0.472222222222222,0.916666666666667,0.472222222222222,2.73611111111111,6.33333333333333
"316","Marvin Williams",4.8641975308642,1.5679012345679,1.35802469135802,0.950617283950617,0.765432098765432,0.950617283950617,4.17283950617284,9.22222222222222
"317","Mason Plumlee",5.20731707317073,2.45121951219512,2.75609756097561,1.03658536585366,1.8780487804878,1.03658536585366,3.25609756097561,6.30487804878049
"318","Matt Barnes",4.42105263157895,1.10526315789474,2.14473684210526,0.75,1.59210526315789,0.75,3.47368421052632,9.11842105263158
"319","Matt Bonner",0.8,0.1,0.3,0.0333333333333333,0.1,0.0333333333333333,0.966666666666667,1.9
"320","Matthew Dellavedova",1.69736842105263,0.434210526315789,4.43421052631579,0.118421052631579,1.52631578947368,0.118421052631579,2.72368421052632,6.72368421052632
"321","Maurice Harkless",2.29487179487179,1.29487179487179,0.858974358974359,0.448717948717949,0.794871794871795,0.448717948717949,2.5,5.26923076923077
"322","Metta World Peace",2,0.542857142857143,0.771428571428571,0.314285714285714,0.428571428571429,0.314285714285714,1.57142857142857,5.05714285714286
"323","Meyers Leonard",4.31147540983607,0.836065573770492,1.50819672131148,0.295081967213115,1.26229508196721,0.295081967213115,3.19672131147541,7.13114754098361
"324","Michael Beasley",3.45,1.45,0.8,0.45,1.2,0.45,5.35,10.25
"325","Michael Carter-Williams",4.22222222222222,0.888888888888889,5.2037037037037,0.759259259259259,2.83333333333333,0.759259259259259,4.64814814814815,10.2777777777778
"326","Michael Kidd-Gilchrist",4.71428571428571,1.71428571428571,1.28571428571429,0.428571428571429,1.14285714285714,0.428571428571429,4.71428571428571,8.71428571428571
"327","Mike Conley",2.46428571428571,0.464285714285714,6.10714285714286,0.285714285714286,1.5,0.285714285714286,5.25,12.4285714285714
"328","Mike Dunleavy",2.41935483870968,0.258064516129032,1.25806451612903,0.32258064516129,0.838709677419355,0.32258064516129,2.48387096774194,6.06451612903226
"329","Mike Miller",1,0.127659574468085,0.851063829787234,0.0851063829787234,0.361702127659574,0.0851063829787234,0.468085106382979,1.31914893617021
"330","Mike Muscala",1.31666666666667,0.633333333333333,0.566666666666667,0.45,0.45,0.45,1.26666666666667,2.53333333333333
"331","Mike Scott",2.04,0.706666666666667,1.04,0.226666666666667,0.56,0.226666666666667,2.34666666666667,5.01333333333333
"332","Miles Plumlee",2.26229508196721,1.54098360655738,0.262295081967213,0.819672131147541,0.655737704918033,0.819672131147541,2.29508196721311,3.81967213114754
"333","Mirza Teletovic",3.12658227848101,0.69620253164557,1.12658227848101,0.265822784810127,1.06329113924051,0.265822784810127,4.20253164556962,9.83544303797468
"334","Mitch McGary",0.7,0.2,0.15,0.1,0.35,0.1,0.55,1.15
"335","Mo Williams",1.60975609756098,0.146341463414634,2.39024390243902,0.121951219512195,1.39024390243902,0.121951219512195,3.21951219512195,7.36585365853659
"336","Monta Ellis",2.82716049382716,0.518518518518518,4.72839506172839,0.45679012345679,2.50617283950617,0.45679012345679,5.38271604938272,12.6049382716049
"337","Montrezl Harrell",1.02564102564103,0.641025641025641,0.435897435897436,0.282051282051282,0.435897435897436,0.282051282051282,1.48717948717949,2.30769230769231
"338","Myles Turner",4.4,1.13333333333333,0.683333333333333,1.43333333333333,1.11666666666667,1.43333333333333,4.4,8.83333333333333
"339","Nate Robinson",0,0,2,0,0,0,0,0.5
"340","Nazr Mohammed",0.6,0.2,0,0,0.6,0,0.6,1
"341","Nemanja Bjelica",2.68333333333333,0.816666666666667,1.36666666666667,0.35,0.783333333333333,0.35,1.83333333333333,3.91666666666667
"342","Nene",3.63157894736842,0.912280701754386,1.70175438596491,0.456140350877193,1.33333333333333,0.456140350877193,3.66666666666667,6.73684210526316
"343","Nerlens Noel",5.7910447761194,2.29850746268657,1.82089552238806,1.49253731343284,2.35820895522388,1.49253731343284,4.56716417910448,8.76119402985075
"344","Nick Collison",1.74576271186441,1.15254237288136,0.88135593220339,0.271186440677966,0.847457627118644,0.271186440677966,0.847457627118644,1.84745762711864
"345","Nick Young",1.53703703703704,0.259259259259259,0.62962962962963,0.12962962962963,0.555555555555556,0.12962962962963,2.33333333333333,6.88888888888889
"346","Nicolas Batum",5.32857142857143,0.785714285714286,5.75714285714286,0.614285714285714,2.92857142857143,0.614285714285714,5.31428571428571,12.4714285714286
"347","Nik Stauskas",2.19178082191781,0.315068493150685,1.89041095890411,0.273972602739726,1.28767123287671,0.273972602739726,2.87671232876712,7.46575342465753
"348","Nikola Jokic",4.7375,2.2625,2.3625,0.625,1.3,0.625,3.8375,7.5
"349","Nikola Mirotic",4.60606060606061,0.878787878787879,1.51515151515152,0.696969696969697,1.54545454545455,0.696969696969697,3.75757575757576,9.22727272727273
"350","Nikola Pekovic",1.16666666666667,0.583333333333333,0.916666666666667,0,0.75,0,1.58333333333333,4.16666666666667
"351","Nikola Vucevic",6.18461538461538,2.67692307692308,2.75384615384615,1.07692307692308,1.89230769230769,1.07692307692308,8.2,16.0923076923077
"352","Noah Vonleh",2.74358974358974,1.16666666666667,0.384615384615385,0.333333333333333,0.641025641025641,0.333333333333333,1.5,3.56410256410256
"353","Norman Powell",1.93877551020408,0.326530612244898,0.959183673469388,0.204081632653061,0.653061224489796,0.204081632653061,1.97959183673469,4.6734693877551
"354","Norris Cole",3.13333333333333,0.222222222222222,3.71111111111111,0.111111111111111,1.66666666666667,0.111111111111111,4.35555555555556,10.7555555555556
"355","O.J. Mayo",2.24390243902439,0.317073170731707,2.8780487804878,0.195121951219512,1.75609756097561,0.195121951219512,2.90243902439024,7.82926829268293
"356","Omer Asik",4.32352941176471,1.76470588235294,0.382352941176471,0.338235294117647,0.882352941176471,0.338235294117647,1.52941176470588,2.86764705882353
"357","Omri Casspi",5.10144927536232,0.840579710144927,1.3768115942029,0.246376811594203,1.36231884057971,0.246376811594203,4.33333333333333,9.01449275362319
"358","Orlando Johnson",1.57142857142857,0.571428571428571,0.285714285714286,0.428571428571429,0.571428571428571,0.428571428571429,1.28571428571429,4.85714285714286
"359","Otto Porter Jr.",3.92,1.29333333333333,1.6,0.426666666666667,0.933333333333333,0.426666666666667,4.52,9.56
"360","Pablo Prigioni",1.28813559322034,0.644067796610169,2.20338983050847,0.0169491525423729,0.830508474576271,0.0169491525423729,0.932203389830508,2.49152542372881
"361","Pat Connaughton",0.617647058823529,0.323529411764706,0.294117647058824,0,0.294117647058824,0,0.382352941176471,1.44117647058824
"362","Patrick Beverley",2.49295774647887,1.02816901408451,3.36619718309859,0.366197183098592,1.28169014084507,0.366197183098592,3.63380281690141,8.36619718309859
"363","Patrick Patterson",3.35443037974684,0.974683544303797,1.18987341772152,0.40506329113924,0.822784810126582,0.40506329113924,2.58227848101266,6.24050632911392
"364","Patty Mills",1.61728395061728,0.333333333333333,2.79012345679012,0.0740740740740741,0.938271604938272,0.0740740740740741,3.20987654320988,7.55555555555556
"365","Pau Gasol",8.86111111111111,2.15277777777778,4.08333333333333,2.02777777777778,2.27777777777778,2.02777777777778,6.48611111111111,13.8194444444444
"366","Paul George",5.97530864197531,0.975308641975309,4.06172839506173,0.358024691358025,3.2716049382716,0.358024691358025,7.46913580246914,17.8888888888889
"367","Paul Millsap",6.59259259259259,2.44444444444444,3.2716049382716,1.71604938271605,2.35802469135802,1.71604938271605,6.18518518518519,13.1604938271605
"368","Paul Pierce",2.55882352941176,0.176470588235294,1.04411764705882,0.25,0.852941176470588,0.25,2.11764705882353,5.83823529411765
"369","Phil Pressey",1.21739130434783,0.130434782608696,3.26086956521739,0.173913043478261,1.43478260869565,0.173913043478261,1.30434782608696,3.39130434782609
"370","PJ Hairston",2.25757575757576,0.378787878787879,0.575757575757576,0.166666666666667,0.621212121212121,0.166666666666667,2.1969696969697,6.18181818181818
"371","PJ Tucker",4.23170731707317,2.01219512195122,2.15853658536585,0.24390243902439,1.35365853658537,0.24390243902439,2.91463414634146,7.09756097560976
"372","Quincy Acy",2.08474576271186,1.10169491525424,0.457627118644068,0.406779661016949,0.457627118644068,0.406779661016949,2.01694915254237,3.6271186440678
"373","Rajon Rondo",4.97222222222222,1.06944444444444,11.6527777777778,0.138888888888889,3.86111111111111,0.138888888888889,4.93055555555556,10.8611111111111
"374","Rakeem Christmas",0,1,0,0,0,0,2,2
"375","Ramon Sessions",2.17073170731707,0.304878048780488,2.91463414634146,0.0609756097560976,1.40243902439024,0.0609756097560976,3.41463414634146,7.21951219512195
"376","Randy Foye",1.62962962962963,0.296296296296296,1.98765432098765,0.358024691358025,1.06172839506173,0.358024691358025,2.08641975308642,5.95061728395062
"377","Rashad Vaughn",1.1,0.157142857142857,0.557142857142857,0.228571428571429,0.4,0.228571428571429,1.15714285714286,3.8
"378","Rasual Butler",1.15217391304348,0.0652173913043478,0.521739130434783,0.5,0.173913043478261,0.5,1.06521739130435,2.26086956521739
"379","Raul Neto",1.27160493827161,0.209876543209877,2.14814814814815,0.0246913580246914,1.34567901234568,0.0246913580246914,2.22222222222222,5.16049382716049
"380","Ray McCallum",0.951219512195122,0.195121951219512,1.46341463414634,0.170731707317073,0.585365853658537,0.170731707317073,1.34146341463415,3.5609756097561
"381","Raymond Felton",2.775,0.45,3.55,0.1875,1.5125,0.1875,3.4625,8.525
"382","Reggie Bullock",1.45945945945946,0.378378378378378,0.72972972972973,0.0540540540540541,0.216216216216216,0.0540540540540541,1.16216216216216,2.64864864864865
"383","Reggie Jackson",2.46835443037975,0.734177215189873,6.22784810126582,0.139240506329114,2.82278481012658,0.139240506329114,6.83544303797468,15.746835443038
"384","Richard Jefferson",1.52702702702703,0.202702702702703,0.797297297297297,0.189189189189189,0.581081081081081,0.189189189189189,1.93243243243243,4.21621621621622
"385","Richaun Holmes",1.43137254901961,1.2156862745098,0.647058823529412,0.784313725490196,0.627450980392157,0.784313725490196,2.23529411764706,4.35294117647059
"386","Ricky Rubio",3.76315789473684,0.526315789473684,8.6578947368421,0.131578947368421,2.53947368421053,0.131578947368421,2.88157894736842,7.71052631578947
"387","RJ Hunter",0.972222222222222,0.0555555555555556,0.361111111111111,0.111111111111111,0.305555555555556,0.111111111111111,1,2.72222222222222
"388","Robert Covington",5.28358208955224,0.970149253731343,1.44776119402985,0.597014925373134,2.13432835820896,0.597014925373134,4.08955223880597,10.6268656716418
"389","Robert Sacre",1.6,1.28,0.56,0.4,0.48,0.4,1.24,3
"390","Robin Lopez",4.07317073170732,3.26829268292683,1.39024390243902,1.57317073170732,1.6219512195122,1.57317073170732,4.35365853658537,8.07317073170732
"391","Rodney Hood",2.89873417721519,0.481012658227848,2.69620253164557,0.20253164556962,1.58227848101266,0.20253164556962,5.16455696202532,12.3037974683544
"392","Rodney Stuckey",2.36206896551724,0.327586206896552,2.44827586206897,0.137931034482759,1.31034482758621,0.137931034482759,3.1551724137931,7.63793103448276
"393","Rondae Hollis-Jefferson",3.96551724137931,1.3448275862069,1.48275862068966,0.551724137931034,0.896551724137931,0.551724137931034,2.17241379310345,4.75862068965517
"394","Ronnie Price",1.19354838709677,0.403225806451613,2.37096774193548,0.209677419354839,1.12903225806452,0.209677419354839,1.87096774193548,4.87096774193548
"395","Roy Hibbert",3.28395061728395,1.62962962962963,1.17283950617284,1.35802469135802,0.938271604938272,1.35802469135802,2.24691358024691,5.07407407407407
"396","Rudy Gay",5.04285714285714,1.47142857142857,1.71428571428571,0.728571428571429,1.98571428571429,0.728571428571429,6.65714285714286,14.3857142857143
"397","Rudy Gobert",7.54098360655738,3.40983606557377,1.49180327868852,2.21311475409836,1.86885245901639,2.21311475409836,3.24590163934426,5.80327868852459
"398","Russ Smith",0.533333333333333,0.0666666666666667,0.733333333333333,0.0666666666666667,0.466666666666667,0.0666666666666667,0.466666666666667,1.46666666666667
"399","Russell Westbrook",6.0125,1.8125,10.425,0.25,4.275,0.25,8.2,18.05
"400","Ryan Anderson",4.01515151515152,1.98484848484848,1.10606060606061,0.378787878787879,1.36363636363636,0.378787878787879,6.01515151515152,14.0757575757576
"401","Ryan Hollins",1.37837837837838,1.27027027027027,0.27027027027027,0.567567567567568,0.648648648648649,0.567567567567568,1.32432432432432,2.13513513513514
"402","Ryan Kelly",2.77777777777778,0.583333333333333,0.555555555555556,0.277777777777778,0.5,0.277777777777778,1.52777777777778,4.13888888888889
"403","Salah Mejri",2.41176470588235,1.20588235294118,0.294117647058824,1.05882352941176,0.676470588235294,1.05882352941176,1.44117647058824,2.29411764705882
"404","Sam Dekker",0.333333333333333,0,0,0,0,0,0,0
"405","Sasha Kaun",0.56,0.48,0.12,0.2,0.28,0.2,0.36,0.68
"406","Sasha Vujacic",2.01639344262295,0.426229508196721,1.37704918032787,0.0819672131147541,0.721311475409836,0.0819672131147541,1.73770491803279,4.54098360655738
"407","Sean Kilpatrick",1.41935483870968,0.387096774193548,0.935483870967742,0.0645161290322581,1,0.0645161290322581,3.96774193548387,8.70967741935484
"408","Serge Ibaka",5.02564102564103,1.80769230769231,0.846153846153846,1.8974358974359,1.38461538461538,1.8974358974359,5.33333333333333,11.1410256410256
"409","Sergey Karasev",1.25,0.2,0.875,0.05,0.55,0.05,0.75,1.85
"410","Seth Curry",1.15909090909091,0.204545454545455,1.52272727272727,0.0681818181818182,0.818181818181818,0.0681818181818182,2.31818181818182,5.09090909090909
"411","Shabazz Muhammad",2.03658536585366,1.21951219512195,0.634146341463415,0.0853658536585366,0.853658536585366,0.0853658536585366,3.86585365853659,8.30487804878049
"412","Shabazz Napier",0.836363636363636,0.163636363636364,1.76363636363636,0.0181818181818182,0.836363636363636,0.0181818181818182,1.23636363636364,3.65454545454545
"413","Shane Larkin",1.94871794871795,0.358974358974359,4.38461538461539,0.153846153846154,1.87179487179487,0.153846153846154,2.84615384615385,6.43589743589744
"414","Shaun Livingston",1.62820512820513,0.538461538461538,3.03846153846154,0.346153846153846,1,0.346153846153846,2.6025641025641,4.85897435897436
"415","Shayne Whittington",1,0.714285714285714,0.428571428571429,0.142857142857143,0.714285714285714,0.142857142857143,0.714285714285714,1.57142857142857
"416","Shelvin Mack",2.21153846153846,0.25,3.59615384615385,0.0576923076923077,1.82692307692308,0.0576923076923077,3.5,7.98076923076923
"417","Solomon Hill",2.15254237288136,0.661016949152542,0.966101694915254,0.186440677966102,0.559322033898305,0.186440677966102,1.57627118644068,3.52542372881356
"418","Sonny Weems",1.06976744186047,0.162790697674419,1.13953488372093,0.0232558139534884,0.953488372093023,0.0232558139534884,0.976744186046512,2.55813953488372
"419","Spencer Dinwiddie",1.08333333333333,0.333333333333333,1.83333333333333,0,0.583333333333333,0,1.58333333333333,4.5
"420","Spencer Hawes",3.3859649122807,0.894736842105263,1.91228070175439,0.473684210526316,1.01754385964912,0.473684210526316,2.17543859649123,5.36842105263158
"421","Stanley Johnson",3.3972602739726,0.794520547945205,1.61643835616438,0.164383561643836,1.56164383561644,0.164383561643836,3.08219178082192,8.21917808219178
"422","Stephen Curry",4.58227848101266,0.860759493670886,6.67088607594937,0.189873417721519,3.31645569620253,0.189873417721519,10.1898734177215,20.2278481012658
"423","Steve Blake",1.37931034482759,0.155172413793103,3.44827586206897,0.0862068965517241,1.39655172413793,0.0862068965517241,1.60344827586207,4.13793103448276
"424","Steve Novak",0.5,0,0,0,0.1,0,0.8,1.8
"425","Steven Adams",3.925,2.7375,0.775,1.1125,1.05,1.1125,3.2625,5.325
"426","T.J. McConnell",2.55555555555556,0.530864197530864,4.53086419753086,0.123456790123457,1.72839506172839,0.123456790123457,2.69135802469136,5.72839506172839
"427","Taj Gibson",4.08219178082192,2.82191780821918,1.45205479452055,1.05479452054795,1.06849315068493,1.05479452054795,3.6027397260274,6.84931506849315
"428","Tarik Black",2.8974358974359,1.12820512820513,0.41025641025641,0.461538461538462,0.564102564102564,0.461538461538462,1.46153846153846,2.66666666666667
"429","Tayshaun Prince",1.49350649350649,0.415584415584416,0.961038961038961,0.168831168831169,0.350649350649351,0.168831168831169,1.32467532467532,2.97402597402597
"430","Terrence Jones",2.98,1.24,0.82,0.78,0.98,0.78,3.32,7.34
"431","Terrence Ross",2.24657534246575,0.287671232876712,0.767123287671233,0.342465753424658,0.63013698630137,0.342465753424658,3.6986301369863,8.57534246575342
"432","Terry Rozier",1,0.615384615384615,0.948717948717949,0.0256410256410256,0.487179487179487,0.0256410256410256,0.743589743589744,2.71794871794872
"433","Thabo Sefolosha",3.76,0.693333333333333,1.42666666666667,0.493333333333333,0.906666666666667,0.493333333333333,2.50666666666667,4.94666666666667
"434","Thaddeus Young",6.63013698630137,2.41095890410959,1.86301369863014,0.506849315068493,1.86301369863014,0.506849315068493,6.78082191780822,13.1917808219178
"435","Thanasis Antetokounmpo",0.5,0,0,0,0,0,1.5,2
"436","Thomas Robinson",3.14084507042254,1.91549295774648,0.647887323943662,0.507042253521127,0.971830985915493,0.507042253521127,1.83098591549296,4.09859154929577
"437","Tiago Splitter",2.08333333333333,1.25,0.833333333333333,0.333333333333333,0.666666666666667,0.333333333333333,2.25,4.30555555555556
"438","Tibor Pleiss",0.75,0.5,0.166666666666667,0.166666666666667,0.666666666666667,0.166666666666667,0.916666666666667,2.08333333333333
"439","Tim Duncan",5.44262295081967,1.88524590163934,2.67213114754098,1.27868852459016,1.47540983606557,1.27868852459016,3.52459016393443,7.22950819672131
"440","Tim Frazier",1.64705882352941,0.509803921568627,3.17647058823529,0.0392156862745098,1.27450980392157,0.0392156862745098,1.88235294117647,4.49019607843137
"441","Tim Hardaway Jr.",1.54901960784314,0.137254901960784,1,0.137254901960784,0.450980392156863,0.137254901960784,2.23529411764706,5.19607843137255
"442","Timofey Mozgov",2.98684210526316,1.44736842105263,0.434210526315789,0.75,0.934210526315789,0.75,2.67105263157895,4.72368421052632
"443","TJ Warren",1.91489361702128,1.21276595744681,0.936170212765957,0.340425531914894,0.680851063829787,0.340425531914894,4.70212765957447,9.38297872340426
"444","Tobias Harris",5.44736842105263,1.26315789473684,2.22368421052632,0.526315789473684,1.42105263157895,0.526315789473684,5.48684210526316,11.6973684210526
"445","Toney Douglas",1.9344262295082,0.409836065573771,2.57377049180328,0.0819672131147541,1.04918032786885,0.0819672131147541,3,7.29508196721311
"446","Tony Allen",3,1.625,1.09375,0.28125,1.21875,0.28125,3.359375,7.328125
"447","Tony Parker",2.20833333333333,0.236111111111111,5.26388888888889,0.152777777777778,1.81944444444444,0.152777777777778,4.86111111111111,9.86111111111111
"448","Tony Snell",2.8125,0.296875,0.984375,0.265625,0.8125,0.265625,1.96875,5.296875
"449","Tony Wroten",2.375,0.25,2.5,0,3.625,0,2.75,8.125
"450","Trevor Ariza",3.69135802469136,0.827160493827161,2.32098765432099,0.320987654320988,1.39506172839506,0.320987654320988,4.40740740740741,10.6049382716049
"451","Trevor Booker",3.62025316455696,2.10126582278481,1.05063291139241,0.518987341772152,1.0253164556962,0.518987341772152,2.40506329113924,4.91139240506329
"452","Trey Burke",1.46875,0.28125,2.3125,0.09375,1.25,0.09375,4.09375,9.90625
"453","Trey Lyles",3,0.7375,0.7375,0.225,0.8125,0.225,2.3875,5.45
"454","Tristan Thompson",5.73170731707317,3.26829268292683,0.75609756097561,0.621951219512195,0.74390243902439,0.621951219512195,3.01219512195122,5.1219512195122
"455","Troy Daniels",1.16279069767442,0.162790697674419,0.488372093023256,0.0697674418604651,0.558139534883721,0.0697674418604651,2.06976744186047,4.34883720930233
"456","Ty Lawson",1.42424242424242,0.393939393939394,3.59090909090909,0.106060606060606,1.43939393939394,0.106060606060606,2.10606060606061,5.36363636363636
"457","Tyler Ennis",1.34782608695652,0.282608695652174,2.06521739130435,0.0217391304347826,1,0.0217391304347826,1.82608695652174,4.06521739130435
"458","Tyler Hansbrough",1.11363636363636,0.909090909090909,0.181818181818182,0.159090909090909,0.272727272727273,0.159090909090909,0.727272727272727,1.61363636363636
"459","Tyler Johnson",2.25,0.777777777777778,2.19444444444444,0.388888888888889,1.30555555555556,0.388888888888889,3.27777777777778,6.75
"460","Tyler Zeller",1.93333333333333,1.03333333333333,0.483333333333333,0.366666666666667,0.766666666666667,0.366666666666667,2.3,4.83333333333333
"461","Tyreke Evans",4.36,0.8,6.56,0.32,2.92,0.32,5.44,12.56
"462","Tyson Chandler",6.07575757575758,2.65151515151515,0.96969696969697,0.666666666666667,1.40909090909091,0.666666666666667,2.77272727272727,4.75757575757576
"463","Tyus Jones",1.08108108108108,0.189189189189189,2.91891891891892,0.0810810810810811,0.891891891891892,0.0810810810810811,1.51351351351351,4.21621621621622
"464","Udonis Haslem",1.75675675675676,0.27027027027027,0.378378378378378,0.0540540540540541,0.135135135135135,0.0540540540540541,0.621621621621622,1.64864864864865
"465","Victor Oladipo",4.125,0.666666666666667,3.91666666666667,0.75,2.125,0.75,5.90277777777778,13.4722222222222
"466","Vince Carter",1.91666666666667,0.516666666666667,0.933333333333333,0.266666666666667,0.583333333333333,0.266666666666667,2.21666666666667,5.71666666666667
"467","Wayne Ellington",2.02631578947368,0.263157894736842,1.09210526315789,0.0657894736842105,0.592105263157895,0.0657894736842105,2.86842105263158,7.38157894736842
"468","Wesley Johnson",2.6375,0.4625,0.6125,0.7,0.675,0.7,2.6,6.4375
"469","Wesley Matthews",2.70512820512821,0.346153846153846,1.93589743589744,0.217948717948718,1,0.217948717948718,4.24358974358974,10.9487179487179
"470","Will Barton",5.08536585365854,0.719512195121951,2.47560975609756,0.475609756097561,1.69512195121951,0.475609756097561,5.18292682926829,11.9878048780488
"471","Willie Cauley-Stein",3.3030303030303,2.03030303030303,0.560606060606061,1,0.696969696969697,1,2.89393939393939,5.13636363636364
"472","Willie Reed",1.87179487179487,1.25641025641026,0.256410256410256,0.769230769230769,0.41025641025641,0.769230769230769,1.94871794871795,3.41025641025641
"473","Xavier Munford",2,0.214285714285714,1.57142857142857,0.214285714285714,1.07142857142857,0.214285714285714,2.28571428571429,5.5
"474","Zach LaVine",2.45121951219512,0.329268292682927,3.0609756097561,0.207317073170732,1.89024390243902,0.207317073170732,5.28048780487805,11.6951219512195
"475","Zach Randolph",5.14705882352941,2.63235294117647,2.08823529411765,0.191176470588235,1.54411764705882,0.191176470588235,6.33823529411765,13.3382352941176
"476","Zaza Pachulia",6.17105263157895,3.27631578947368,1.68421052631579,0.289473684210526,1.56578947368421,0.289473684210526,2.88157894736842,6.18421052631579
